Email File                                                                                                                      ,Project Name (CSV)                                ,Project Name (Parsed)                                 ,Project Match ,LTM EBITDA (CSV) ,LTM EBITDA (Parsed) ,EBITDA Match ,Source (CSV)                       ,Source (Parsed)          ,Source Match ,Date Received (CSV) ,Date Received (Parsed) ,Date Match ,Investment Criteria (CSV) ,Investment Criteria (Parsed) ,Criteria Match ,Matched in CSV
For Krystal Growth Partners_ Acquisition Opportunity – Elevator Handrail & Safety Barricade Manufacturer (Western Canada).msg   ,Lustre Products                                   ,Project Rail                                          ,✗             ,             2.5 ,              2.5   ,✓            ,MNP (Vancouver)                    ,mnp.ca                   ,✓            ,22-Apr-24           ,19-Apr-24              ,✗          ,Yes                       ,Yes                          ,✓              ,Yes
Acquisition Opportunity_ Project Rock.msg                                                                                       ,Project Rock                                      ,Project Rock                                          ,✓             ,             4.6 ,              5.5   ,✗            ,National Bank                      ,nbc.ca                   ,✓            ,11/Oct/22          ,11-Oct-22              ,✓          ,Yes                       ,No                           ,✗              ,Yes
RE_ _EXT_ RE_ Acquisition Opportunity - Project Apollo.msg                                                                      ,Divine Flooring                                   ,Divine Flooring Ltd.                                  ,✓             ,             9.5 ,              9.5   ,✓            ,BDO Canada LLP                     ,                         ,✗            ,18-Jun-24           ,17-Jul-24              ,✗          ,No                        ,No                           ,✓              ,Yes
RE_ Project Matrix - Leading Insurance Brokerage  .msg                                                                          ,Matrix Video Communications Corp.                 ,Project Matrix                                        ,✗             ,             3.0 ,                    ,✗            ,Assurgo Enterprises                ,                         ,✗            ,6-Dec-23            ,12-Jul-24              ,✗          ,Yes                       ,No                           ,✗              ,Yes
FW_ To Krystal Growth Partners_ Acquisition Opportunity - Marine Vessel Services Provider.msg                                   ,NuWave                                            ,Project Wave                                          ,✗             ,                 ,              2.9   ,✗            ,Other                              ,mnp.ca                   ,✗            ,14-May-24           ,21-Mar-24              ,✗          ,VC                        ,Yes                          ,N/A            ,Yes
RE_ Project Bailey.msg                                                                                                          ,Project Bailey                                    ,Project Bailey                                        ,✓             ,             2.0 ,              2.9   ,✗            ,Osprey Capital Partners            ,                         ,✗            ,24-Jan-24           ,29-Jan-24              ,✗          ,Yes                       ,No                           ,✗              ,Yes
Project Bluebird - Iconic Heli-Skiing Resort Transaction Opportunity.msg                                                        ,Project Bluebird / Mike Wiegele Helicopter Skiing ,Project Bluebird                                      ,✓             ,             6.0 ,                    ,✗            ,KPMG Corporate Finance (Vancouver) ,kpmg.ca                  ,✓            ,31/Oct/22           ,27-Oct-22              ,✗          ,Yes                       ,No                           ,✗              ,Yes
Fwd_ Investment Opportunity - Project Bus.msg                                                                                   ,Project Bus                                       ,Project Bus                                           ,✓             ,            10.0 ,             10.0   ,✓            ,Baker Tilly (Vancouver)            ,bakertilly.ca            ,✓            ,30-Apr-25           ,30-Apr-25              ,✓          ,No                        ,No                           ,✓              ,Yes
Re_ Investment Opportunity - Project Bus.msg                                                                                    ,Project Bus                                       ,Project Bus                                           ,✓             ,            10.0 ,             10.0   ,✓            ,Baker Tilly (Vancouver)            ,                         ,✗            ,30-Apr-25           ,30-Apr-25              ,✓          ,No                        ,No                           ,✓              ,Yes
RE_ Acquisition Opportunity - Project Cedar.msg                                                                                 ,Project Cedar                                     ,Project Cedar                                         ,✓             ,             8.5 ,              6.2   ,✗            ,BDO Canada LLP                     ,                         ,✗            ,31-Jul-25           ,06-Aug-25              ,✗          ,No                        ,No                           ,✓              ,Yes
Acquisition Opportunity - Project Cedar.msg                                                                                     ,Project Cedar                                     ,Project Cedar                                         ,✓             ,             8.5 ,              6.2   ,✗            ,BDO Canada LLP                     ,bdo.ca                   ,✗            ,31-Jul-25           ,31-Jul-25              ,✓          ,No                        ,Yes                          ,✗              ,Yes
FW_ Acquisition Opportunity - Project Cedar.msg                                                                                 ,Project Cedar                                     ,Project Cedar                                         ,✓             ,             8.5 ,              6.2   ,✗            ,BDO Canada LLP                     ,                         ,✗            ,31-Jul-25           ,12-Aug-25              ,✗          ,No                        ,No                           ,✓              ,Yes
FW Acquisition Opportunity - Project Cedar.msg                                                                                  ,Project Cedar                                     ,Project Cedar                                         ,✓             ,             8.5 ,              6.2   ,✗            ,BDO Canada LLP                     ,                         ,✗            ,31-Jul-25           ,12-Aug-25              ,✗          ,No                        ,No                           ,✓              ,Yes
FW Sell Side Opportunity - Healthcare Services .msg                                                                             ,Project Clara                                     ,Clara                                                 ,✓             ,             7.0 ,              9.0   ,✗            ,Fort Capital                       ,fortcapital.ca           ,✓            ,2-Jul-25            ,02-Jul-25              ,✗          ,Yes                       ,No                           ,✗              ,Yes
FW_ Project Dogwood - Krystal Growth .msg                                                                                       ,Project Dogwood / Coquitlam College               ,Project Dogwood                                       ,✓             ,            19.0 ,                    ,✗            ,KPMG Corporate Finance (Vancouver) ,kpmg.ca                  ,✓            ,15/Nov/22           ,15-Nov-22              ,✗          ,No                        ,No                           ,✓              ,Yes
Follow-up - Acquisition Opportunity - $2_6M EBITDA Environmental and Demolition Business.msg                                    ,Project Eagle                                     ,Project Eagle                                         ,✓             ,            15.0 ,              2.6   ,✗            ,Other                              ,plethorabusinesses.com   ,✗            ,27-Aug-24           ,29-Feb-24              ,✗          ,No                        ,No                           ,✓              ,Yes
RE_ Project Elevate - Opportunity to acquire a highly regarded_ data driven marketing agency.msg                                ,Project Elevate                                   ,Project Elevate                                       ,✓             ,             1.1 ,                    ,✗            ,BDO Canada LLP                     ,                         ,✗            ,22-Jul-25           ,22-Jul-25              ,✓          ,Yes                       ,No                           ,✗              ,Yes
FW Project Elevate - Opportunity to acquire a highly regarded data driven marketing agency.msg                                  ,Project Elevate                                   ,Project Elevate                                       ,✓             ,             1.1 ,              1.109 ,✓            ,BDO Canada LLP                     ,bdo.ca                   ,✗            ,22-Jul-25           ,22-Jul-25              ,✓          ,Yes                       ,No                           ,✗              ,Yes
RE_ Project Falcon - Acquisition Opportunity.msg                                                                                ,Project Falcon                                    ,Falcon                                                ,✓             ,             3.6 ,              3.6   ,✓            ,KPMG (Toronto)                     ,kpmg.ca                  ,✓            ,25-Jun-24           ,25-Jun-24              ,✓          ,No                        ,Yes                          ,✗              ,Yes
FW_ Project Flow _  Innovative Building Component Company .msg                                                                  ,Project Flow                                      ,Flow                                                  ,✓             ,             6.9 ,              6.9   ,✓            ,Fort Capital                       ,fortcapital.ca           ,✓            ,22-Feb-24           ,22-Feb-24              ,✓          ,No                        ,No                           ,✓              ,Yes
Project Frame - Acquisition Opportunity.msg                                                                                     ,Project Framework                                 ,Project Frame                                         ,✓             ,             1.0 ,              2.6   ,✗            ,RWT Growth                         ,kpmg.ca                  ,✗            ,10-Oct-25           ,20-Oct-22              ,✗          ,Bolt-on                   ,Yes                          ,N/A            ,Yes
FW Project Gravy - Franchise QSR Portfolio Acquisition Opportunity.msg                                                          ,Project Gravy                                     ,Project Gravy                                         ,✓             ,             4.5 ,              4.5   ,✓            ,KPMG Corporate Finance (Vancouver) ,kpmg.ca                  ,✓            ,13-Aug-25           ,13-Aug-25              ,✓          ,Yes                       ,Yes                          ,✓              ,Yes
Project Halo Acquisition Opportunity - _Krystal Growth Partners_.msg                                                            ,Project Halo                                      ,Project Halo                                          ,✓             ,             0.2 ,              0.2   ,✓            ,RBC Mid-Market M&A                 ,rbccm.com                ,✗            ,10-Oct-23           ,10-Oct-23              ,✓          ,No                        ,No                           ,✓              ,Yes
FW Acquisition Opportunity - Portfolio of Market-Leading Brands and Products in Canned Seafood and Balsamic Glazes.msg          ,Project Harbour                                   ,Project Harbour                                       ,✓             ,            10.0 ,             10.0   ,✓            ,Scotiabank                         ,scotiabank.com           ,✓            ,6-Oct-25            ,06-Oct-25              ,✗          ,No                        ,No                           ,✓              ,Yes
Acquisition Opportunity_ Project Hitch.msg                                                                                      ,Project Hitch                                     ,Project Hitch                                         ,✓             ,             1.3 ,              1.3   ,✓            ,Grant Thornton LLP (Victoria)      ,ca.gt.com                ,✗            ,4-Dec-23            ,04-Dec-23              ,✗          ,No                        ,No                           ,✓              ,Yes
Acquisition Opportunity - Water Management - Krystal Growth Partners.msg                                                        ,Project Hydros / White Water Management Ltd.      ,Project Hydros                                        ,✓             ,            13.7 ,             13.7   ,✓            ,Ernst & Young (Vancouver)          ,ca.ey.com                ,✗            ,24/Oct/22           ,16-Oct-22              ,✗          ,No                        ,No                           ,✓              ,Yes
FW Project Kiln Acquisition Opportunity for Canadian StirredKettle Foods Business.msg                                           ,Project Kiln                                      ,Project Kiln                                          ,✓             ,            10.0 ,             10.0   ,✓            ,Origin Merchant Partners           ,originmerchant.com       ,✓            ,5-Sep-25            ,05-Sep-25              ,✗          ,No                        ,No                           ,✓              ,Yes
FW Investment Opportunity adtrackmedia C$10M+ Growth Equity Raise.msg                                                           ,Project Metro (AdTrackMedia)                      ,adtrackmedia                                          ,✓             ,                 ,                    ,✓            ,Fort Capital                       ,fortcapital.ca           ,✓            ,7-Oct-25            ,09-Oct-25              ,✗          ,VC                        ,No                           ,N/A            ,Yes
RE Project Monstera - Rapidly Growing Auto Aftermarket Distributor.msg                                                          ,Project Monstera                                  ,Monstera                                              ,✓             ,             5.8 ,              5.8   ,✓            ,National Bank (Toronto)            ,krystalgp.com            ,✗            ,17-Sep-25           ,18-Sep-25              ,✗          ,No                        ,No                           ,✓              ,Yes
RE Terry Acquisition Opportunity  Western Canadian Industrial Safety Business.msg                                               ,Project Paladin (Protek Safety & Controls)        ,Project Paladin                                       ,✓             ,             3.7 ,              3.65  ,✓            ,Other                              ,krystalgp.com            ,✗            ,26-Jun-25           ,26-Jun-25              ,✓          ,Yes                       ,Yes                          ,✓              ,Yes
RE_ Project Patriot - Acquisition Opportunity.msg                                                                               ,Project Patriot                                   ,Project Patriot                                       ,✓             ,             1.9 ,              1.9   ,✓            ,Grant Thornton LLP (Toronto)       ,                         ,✗            ,20-Feb-24           ,22-Feb-24              ,✗          ,No                        ,No                           ,✓              ,Yes
FW_ Project Polaris - Leading provider of para-transit solutions.msg                                                            ,Project Polaris                                   ,Polaris                                               ,✓             ,             5.4 ,              5.4   ,✓            ,National Bank                      ,bnc.ca                   ,✗            ,14-Mar-25           ,24-Apr-25              ,✗          ,No                        ,No                           ,✓              ,Yes
RE_ Project Seal - Acquisition Opportunity (Krystal Growth).msg                                                                 ,Project Seal                                      ,Project Seal                                          ,✓             ,             9.7 ,             10.0   ,✗            ,KPMG (Toronto)                     ,                         ,✗            ,17-Apr-24           ,18-Apr-24              ,✗          ,No                        ,No                           ,✓              ,Yes
RE_ Project Spark _ Electrical Contractor Opportunity.msg                                                                       ,Project Spark                                     ,Project Spark                                         ,✓             ,             0.8 ,             10.3   ,✗            ,BDO Canada LLP                     ,                         ,✗            ,6-Mar-25            ,17-Jan-24              ,✗          ,No                        ,No                           ,✓              ,Yes
Acquisition Opportunity_ Project Thunder.msg                                                                                    ,Project Thunderbolt / Mazzei Electric             ,Project Thunder                                       ,✓             ,             2.0 ,              2.9   ,✗            ,Renaissance M&A                    ,ca.gt.com                ,✗            ,7/Apr/21            ,27-May-22              ,✗          ,Yes                       ,Yes                          ,✓              ,Yes
FW Project Toro.msg                                                                                                             ,Project Toro                                      ,Project Toro                                          ,✓             ,            10.0 ,             15.0   ,✗            ,Sequeira Partners                  ,sequeirapartners.com     ,✓            ,24-Sep-25           ,25-Sep-25              ,✗          ,No                        ,No                           ,✓              ,Yes
Investment Opportunity_ Fire Suppression and Hydraulic Service.msg                                                              ,Project Up                                        ,Fire Suppression and Hydraulics Parts and Service Co. ,✗             ,             3.0 ,              5.5   ,✗            ,KPMG Corporate Finance (Vancouver) ,manulife.ca              ,✗            ,30-Jul-25           ,28-Oct-22              ,✗          ,Yes                       ,No                           ,✗              ,Yes
FW Project Up - Leading Overhead Door  Gate Dealer and Installer.msg                                                            ,Project Up                                        ,Project Up                                            ,✓             ,             3.0 ,              3.0   ,✓            ,KPMG Corporate Finance (Vancouver) ,                         ,✗            ,30-Jul-25           ,12-Aug-25              ,✗          ,Yes                       ,Yes                          ,✓              ,Yes
RE_ Project Pool Confidential Information Memorandum - Krystal Growth Partners.msg                                              ,Project Up                                        ,The Wilbar Group                                      ,✗             ,             3.0 ,                    ,✗            ,KPMG Corporate Finance (Vancouver) ,                         ,✗            ,30-Jul-25           ,28-Oct-24              ,✗          ,Yes                       ,No                           ,✗              ,Yes
FW Reliable Fleet Deck as discussed.msg                                                                                         ,Reliable Fleet                                    ,Reliable Towing                                       ,✗             ,                 ,                    ,✓            ,Origin Merchant Partners           ,originmerchant.com       ,✓            ,13-Aug-25           ,27-Aug-25              ,✗          ,No                        ,No                           ,✓              ,Yes
FW Transaction Opportunity - Leading Canadian Regional Airline.msg                                                              ,Seair Seaplanes                                   ,Seair                                                 ,✓             ,             5.0 ,             20.0   ,✗            ,Capital West Partners              ,capwest.com              ,✓            ,19-Apr-24           ,15-Oct-25              ,✗          ,Yes                       ,No                           ,✗              ,Yes
FW SISP - Teaser - Special D Baking Ltd.  Land Assembly Company (Edmonton) Ltd. .msg                                            ,Special D Baking                                  ,Special D Baking Ltd.                                 ,✓             ,                 ,                    ,✓            ,Ernst & Young (Restructuring)      ,parthenon.ey.com         ,✗            ,10-Jul-25           ,10-Jul-25              ,✓          ,Restructure               ,No                           ,N/A            ,Yes
RE_ To Krystal Growth Partners_ Acquisition Opportunity - Industrial Services Company.msg                                       ,Velofix                                           ,Project Fix                                           ,✗             ,             0.0 ,              5.3   ,✗            ,Personal Relationships             ,mnp.ca                   ,✗            ,22-Sep-24           ,15-May-24              ,✗          ,VC                        ,Yes                          ,N/A            ,Yes
Project Western - (Krystal).msg                                                                                                 ,Western Solar                                     ,Project Western                                       ,✗             ,             5.6 ,                    ,✗            ,TrueNorth M&A                      ,ca.ey.com                ,✗            ,9-Jul-24            ,02-Aug-22              ,✗          ,Yes                       ,No                           ,✗              ,Yes
RE_ Western Solar - Process Letter.msg                                                                                          ,Western Solar                                     ,Western Solar                                         ,✓             ,             5.6 ,                    ,✗            ,TrueNorth M&A                      ,                         ,✗            ,9-Jul-24            ,19-Aug-24              ,✗          ,Yes                       ,No                           ,✗              ,Yes
RE_ Acquisition Opportunity - Leading Western Canadian Transportation Services Provider.msg                                     ,tappConnect                                       ,tappConnect                                           ,✓             ,             5.6 ,                    ,✗            ,MNP (Vancouver)                    ,                         ,✗            ,24-Apr-24           ,06-May-24              ,✗          ,Yes                       ,No                           ,✗              ,Yes
RE_ Acquisition Opportunity - Project Crisp.msg                                                                                 ,NOT FOUND                                         ,                                                      ,N/A           ,                 ,              4.5   ,N/A          ,NOT FOUND                          ,                         ,N/A          ,NOT FOUND           ,06-Jun-24              ,N/A        ,NOT FOUND                 ,No                           ,N/A            ,No
Avery - Acquisition Opportunity.msg                                                                                             ,NOT FOUND                                         ,                                                      ,N/A           ,                 ,              3.0   ,N/A          ,NOT FOUND                          ,sequoiamergers.com       ,N/A          ,NOT FOUND           ,28-Feb-23              ,N/A        ,NOT FOUND                 ,No                           ,N/A            ,No
FW Acquisition Opportunity  Leading North American Pet Food Business.msg                                                        ,NOT FOUND                                         ,                                                      ,N/A           ,                 ,              9.0   ,N/A          ,NOT FOUND                          ,capwest.com              ,N/A          ,NOT FOUND           ,12-Aug-25              ,N/A        ,NOT FOUND                 ,No                           ,N/A            ,No
Acquisition Opportunity – Leading North American Pet Food Business.msg                                                          ,NOT FOUND                                         ,                                                      ,N/A           ,                 ,              9.0   ,N/A          ,NOT FOUND                          ,capwest.com              ,N/A          ,NOT FOUND           ,29-Jul-25              ,N/A        ,NOT FOUND                 ,No                           ,N/A            ,No
FW 2025 Estimated $63.4M $5.2M Cold Plunge Sauna Company.msg                                                                    ,NOT FOUND                                         ,                                                      ,N/A           ,                 ,              5.2   ,N/A          ,NOT FOUND                          ,focusacquisition.com     ,N/A          ,NOT FOUND           ,26-Aug-25              ,N/A        ,NOT FOUND                 ,No                           ,N/A            ,No
RE Acquisition Opportunity Investor Marketing Platform with Integrated Media and Digital Capabilities.msg                       ,NOT FOUND                                         ,                                                      ,N/A           ,                 ,              2.0   ,N/A          ,NOT FOUND                          ,krystalgp.com            ,N/A          ,NOT FOUND           ,26-Jun-25              ,N/A        ,NOT FOUND                 ,Yes                          ,N/A            ,No
Avery - Commerical Roofing Contractor Acquisition Opportunity.msg                                                               ,NOT FOUND                                         ,                                                      ,N/A           ,                 ,              3.5   ,N/A          ,NOT FOUND                          ,sequoiamergers.com       ,N/A          ,NOT FOUND           ,17-May-23              ,N/A        ,NOT FOUND                 ,No                           ,N/A            ,No
RE_ Brian - Transportation Equipment Manufacturing Company For Sale.msg                                                         ,NOT FOUND                                         ,                                                      ,N/A           ,                 ,              6.5   ,N/A          ,NOT FOUND                          ,                         ,N/A          ,NOT FOUND           ,11-Jun-24              ,N/A        ,NOT FOUND                 ,Yes                          ,N/A            ,No
FW_ Outdoor Living Building Products Acquisition Opportunity.msg                                                                ,NOT FOUND                                         ,                                                      ,N/A           ,                 ,              5.0   ,N/A          ,NOT FOUND                          ,                         ,N/A          ,NOT FOUND           ,17-Feb-23              ,N/A        ,NOT FOUND                 ,No                           ,N/A            ,No
RE_ Quiet Luxury - M&A Opportunity.msg                                                                                          ,NOT FOUND                                         ,                                                      ,N/A           ,                 ,                    ,N/A          ,NOT FOUND                          ,                         ,N/A          ,NOT FOUND           ,15-Jan-24              ,N/A        ,NOT FOUND                 ,No                           ,N/A            ,No
FW_ Aviation - M&A Opportunity.msg                                                                                              ,NOT FOUND                                         ,                                                      ,N/A           ,                 ,              5.0   ,N/A          ,NOT FOUND                          ,capwest.com              ,N/A          ,NOT FOUND           ,19-Apr-24              ,N/A        ,NOT FOUND                 ,Yes                          ,N/A            ,No
RE_ Acquisition Opportunity – Leading North American Pet Food Business.msg                                                      ,NOT FOUND                                         ,                                                      ,N/A           ,                 ,              9.0   ,N/A          ,NOT FOUND                          ,                         ,N/A          ,NOT FOUND           ,12-Aug-25              ,N/A        ,NOT FOUND                 ,No                           ,N/A            ,No
FW Catch-Up  New Opportunity.msg                                                                                                ,NOT FOUND                                         ,                                                      ,N/A           ,                 ,                    ,N/A          ,NOT FOUND                          ,                         ,N/A          ,NOT FOUND           ,25-Sep-25              ,N/A        ,NOT FOUND                 ,No                           ,N/A            ,No
RE_ Acquisition Opportunity – Wellness & Recovery Brand_ $39M Sales FY2024_ 33% EBITDA Margin.msg                               ,NOT FOUND                                         ,                                                      ,N/A           ,                 ,             13.0   ,N/A          ,NOT FOUND                          ,                         ,N/A          ,NOT FOUND           ,16-Oct-24              ,N/A        ,NOT FOUND                 ,No                           ,N/A            ,No
RE_ Project Aberdeen - Krystal Growth Partners .msg                                                                             ,NOT FOUND                                         ,Aberdeen                                              ,N/A           ,                 ,              4.0   ,N/A          ,NOT FOUND                          ,kpmg.ca                  ,N/A          ,NOT FOUND           ,11-May-22              ,N/A        ,NOT FOUND                 ,Yes                          ,N/A            ,No
Project Aberdeen - Krystal Growth Partners .msg                                                                                 ,NOT FOUND                                         ,Aberdeen                                              ,N/A           ,                 ,              4.0   ,N/A          ,NOT FOUND                          ,kpmg.ca                  ,N/A          ,NOT FOUND           ,04-May-22              ,N/A        ,NOT FOUND                 ,Yes                          ,N/A            ,No
Fwd_ Project Cavalier - Primer and NDA.msg                                                                                      ,NOT FOUND                                         ,Cavalier                                              ,N/A           ,                 ,              7.4   ,N/A          ,NOT FOUND                          ,fortcapital.ca           ,N/A          ,NOT FOUND           ,29-Nov-23              ,N/A        ,NOT FOUND                 ,No                           ,N/A            ,No
RE_ Acquisition Opportunity - Project Coyote - Leading Distributor of Aggregate Equipment  .msg                                 ,NOT FOUND                                         ,Coyote                                                ,N/A           ,                 ,              4.0   ,N/A          ,NOT FOUND                          ,kpmg.ca                  ,N/A          ,NOT FOUND           ,20-Jul-23              ,N/A        ,NOT FOUND                 ,Yes                          ,N/A            ,No
RE_ DeeBee's Follow-Up.msg                                                                                                      ,NOT FOUND                                         ,DeeBee's                                              ,N/A           ,                 ,              6.0   ,N/A          ,NOT FOUND                          ,                         ,N/A          ,NOT FOUND           ,10-Oct-25              ,N/A        ,NOT FOUND                 ,Yes                          ,N/A            ,No
RE_ Acquisition Prospect.msg                                                                                                    ,NOT FOUND                                         ,Krystal Growth Partners                               ,N/A           ,                 ,              1.3   ,N/A          ,NOT FOUND                          ,                         ,N/A          ,NOT FOUND           ,16-Dec-23              ,N/A        ,NOT FOUND                 ,No                           ,N/A            ,No
Follow-Up - Acquisition Opportunity_ Project Baruch.msg                                                                         ,NOT FOUND                                         ,Project Baruch                                        ,N/A           ,                 ,              3.299 ,N/A          ,NOT FOUND                          ,madisonstreetcapital.com ,N/A          ,NOT FOUND           ,29-Jan-24              ,N/A        ,NOT FOUND                 ,No                           ,N/A            ,No
FW Project Beach  Leading Industrial Energy and Services Technology Provider.msg                                                ,NOT FOUND                                         ,Project Beach                                         ,N/A           ,                 ,              9.8   ,N/A          ,NOT FOUND                          ,sequeirapartners.com     ,N/A          ,NOT FOUND           ,18-Jun-25              ,N/A        ,NOT FOUND                 ,No                           ,N/A            ,No
Acquisition Opportunity _ Leading Distributor of Powersport and Marine Products.msg                                             ,NOT FOUND                                         ,Project Brando                                        ,N/A           ,                 ,             12.2   ,N/A          ,NOT FOUND                          ,fortcapital.ca           ,N/A          ,NOT FOUND           ,08-Sep-22              ,N/A        ,NOT FOUND                 ,No                           ,N/A            ,No
Project Dig - Acquisition Opportunity.msg                                                                                       ,NOT FOUND                                         ,Project Dig                                           ,N/A           ,                 ,                    ,N/A          ,NOT FOUND                          ,ca.gt.com                ,N/A          ,NOT FOUND           ,04-Jan-24              ,N/A        ,NOT FOUND                 ,No                           ,N/A            ,No
Fwd_ Project Durable - Acquisition Opportunity (Krystal Growth Partners).msg                                                    ,NOT FOUND                                         ,Project Durable                                       ,N/A           ,                 ,              5.7   ,N/A          ,NOT FOUND                          ,                         ,N/A          ,NOT FOUND           ,10-Jul-23              ,N/A        ,NOT FOUND                 ,No                           ,N/A            ,No
Fwd_ Acquisition Opportunity - Infrared Sauna Business.msg                                                                      ,NOT FOUND                                         ,Project Heat                                          ,N/A           ,                 ,              2.2   ,N/A          ,NOT FOUND                          ,relaytp.ca               ,N/A          ,NOT FOUND           ,12-Jun-23              ,N/A        ,NOT FOUND                 ,Yes                          ,N/A            ,No
Project Honey - Acquisition Opportunity - Project Honey.msg                                                                     ,NOT FOUND                                         ,Project Honey                                         ,N/A           ,                 ,              1.6   ,N/A          ,NOT FOUND                          ,kpmg.ca                  ,N/A          ,NOT FOUND           ,22-Jun-23              ,N/A        ,NOT FOUND                 ,No                           ,N/A            ,No
FW_ Project Landscape.msg                                                                                                       ,NOT FOUND                                         ,Project Landscape                                     ,N/A           ,                 ,              4.4   ,N/A          ,NOT FOUND                          ,cccinvestmentbanking.com ,N/A          ,NOT FOUND           ,14-Sep-22              ,N/A        ,NOT FOUND                 ,Yes                          ,N/A            ,No
Potential Acquisition Opportunity - Project Lion.msg                                                                            ,NOT FOUND                                         ,Project Lion                                          ,N/A           ,                 ,              3.8   ,N/A          ,NOT FOUND                          ,bdo.ca                   ,N/A          ,NOT FOUND           ,24-Apr-24              ,N/A        ,NOT FOUND                 ,Yes                          ,N/A            ,No
Acquisition Opportunity - Fishing and Seafood Distribution Leader.msg                                                           ,NOT FOUND                                         ,Project Mariner                                       ,N/A           ,                 ,              2.68  ,N/A          ,NOT FOUND                          ,plethorabusinesses.com   ,N/A          ,NOT FOUND           ,10-Oct-23              ,N/A        ,NOT FOUND                 ,No                           ,N/A            ,No
Acquisition Opportunity - West Coast Based Precision Metal Fabrication Company.msg                                              ,NOT FOUND                                         ,Project Metal Fabrication                             ,N/A           ,                 ,              1.82  ,N/A          ,NOT FOUND                          ,plethorabusinesses.com   ,N/A          ,NOT FOUND           ,01-Aug-23              ,N/A        ,NOT FOUND                 ,No                           ,N/A            ,No
RE_ Project Omega - Process Letter.msg                                                                                          ,NOT FOUND                                         ,Project Omega                                         ,N/A           ,                 ,                    ,N/A          ,NOT FOUND                          ,                         ,N/A          ,NOT FOUND           ,06-Jun-24              ,N/A        ,NOT FOUND                 ,No                           ,N/A            ,No
Acquisition Opportunity - West Coast Based Metal Composite Panel System Manufacturing and Installation Company.msg              ,NOT FOUND                                         ,Project Panel                                         ,N/A           ,                 ,              2.5   ,N/A          ,NOT FOUND                          ,plethorabusinesses.com   ,N/A          ,NOT FOUND           ,18-Mar-24              ,N/A        ,NOT FOUND                 ,No                           ,N/A            ,No
FW_ Investment Opportunity - Project Pathfinder - Leading Canadian Hard Facilities Management Service Provider (Krystal GP).msg ,NOT FOUND                                         ,Project Pathfinder                                    ,N/A           ,                 ,              6.5   ,N/A          ,NOT FOUND                          ,kpmg.ca                  ,N/A          ,NOT FOUND           ,15-Feb-24              ,N/A        ,NOT FOUND                 ,No                           ,N/A            ,No
Project Picard _ Acquisition Opportunity in Business Services .msg                                                              ,NOT FOUND                                         ,Project Picard                                        ,N/A           ,                 ,              7.6   ,N/A          ,NOT FOUND                          ,fortcapital.ca           ,N/A          ,NOT FOUND           ,26-May-23              ,N/A        ,NOT FOUND                 ,No                           ,N/A            ,No
RE_ Project Podium - Process Letter.msg                                                                                         ,NOT FOUND                                         ,Project Podium                                        ,N/A           ,                 ,                    ,N/A          ,NOT FOUND                          ,                         ,N/A          ,NOT FOUND           ,07-May-25              ,N/A        ,NOT FOUND                 ,No                           ,N/A            ,No
Acquisition Opportunity - Premium Trailer Manufacturer (Project Prestige).msg                                                   ,NOT FOUND                                         ,Project Prestige                                      ,N/A           ,                 ,              2.0   ,N/A          ,NOT FOUND                          ,bakertilly.ca            ,N/A          ,NOT FOUND           ,14-Apr-25              ,N/A        ,NOT FOUND                 ,No                           ,N/A            ,No
Project Provision_ Acquisition Opportunity – Midwest Foodservice Distributor with $30M Revenue.msg                              ,NOT FOUND                                         ,Project Provision                                     ,N/A           ,                 ,             12.1   ,N/A          ,NOT FOUND                          ,raviniacapitalllc.com    ,N/A          ,NOT FOUND           ,11-Jul-25              ,N/A        ,NOT FOUND                 ,No                           ,N/A            ,No
RE_ Acquisition Opportunity – Established Water Management & Logistics Solution Provider in Western Canada.msg                  ,NOT FOUND                                         ,Project Puma                                          ,N/A           ,                 ,              4.5   ,N/A          ,NOT FOUND                          ,                         ,N/A          ,NOT FOUND           ,19-Aug-24              ,N/A        ,NOT FOUND                 ,Yes                          ,N/A            ,No
Investment opportunity_ Project Reel .msg                                                                                       ,NOT FOUND                                         ,Project Reel                                          ,N/A           ,                 ,             11.0   ,N/A          ,NOT FOUND                          ,deloitte.ca              ,N/A          ,NOT FOUND           ,26-May-25              ,N/A        ,NOT FOUND                 ,No                           ,N/A            ,No
Acquisition Opportunity - Leading Western Canadian Transportation Services Provider.msg                                         ,NOT FOUND                                         ,Project Roadrunner                                    ,N/A           ,                 ,              5.6   ,N/A          ,NOT FOUND                          ,sequeirapartners.com     ,N/A          ,NOT FOUND           ,24-Apr-24              ,N/A        ,NOT FOUND                 ,Yes                          ,N/A            ,No
RE_ To Krystal Growth Partners_ Acquisition Opportunity - Construction Services Provider.msg                                    ,NOT FOUND                                         ,Project Silverstone                                   ,N/A           ,                 ,             18.6   ,N/A          ,NOT FOUND                          ,mnp.ca                   ,N/A          ,NOT FOUND           ,22-Apr-24              ,N/A        ,NOT FOUND                 ,No                           ,N/A            ,No
FW_ Acquisition Opportunity - Western Canadian Manufacturer of Precast Water and Wastewater Products.msg                        ,NOT FOUND                                         ,Project Silvertip                                     ,N/A           ,                 ,              5.1   ,N/A          ,NOT FOUND                          ,sequeirapartners.com     ,N/A          ,NOT FOUND           ,16-Apr-24              ,N/A        ,NOT FOUND                 ,No                           ,N/A            ,No
RE_ Project Silvertip - EOI Process Letter.msg                                                                                  ,NOT FOUND                                         ,Project Silvertip                                     ,N/A           ,                 ,                    ,N/A          ,NOT FOUND                          ,                         ,N/A          ,NOT FOUND           ,03-May-24              ,N/A        ,NOT FOUND                 ,No                           ,N/A            ,No
RE_ Business for Sale_ BC-Based Heavy Manufacturing Business (structural steel fabrication).msg                                 ,NOT FOUND                                         ,Project Skeleton                                      ,N/A           ,                 ,              2.0   ,N/A          ,NOT FOUND                          ,                         ,N/A          ,NOT FOUND           ,23-Sep-24              ,N/A        ,NOT FOUND                 ,Yes                          ,N/A            ,No
RE_ Project Spoon - Follow Up.msg                                                                                               ,NOT FOUND                                         ,Project Spoon                                         ,N/A           ,                 ,                    ,N/A          ,NOT FOUND                          ,                         ,N/A          ,NOT FOUND           ,28-Feb-22              ,N/A        ,NOT FOUND                 ,No                           ,N/A            ,No
RE_ Project Stitch - Acquisition Opportunity.msg                                                                                ,NOT FOUND                                         ,Project Stitch                                        ,N/A           ,                 ,              4.2   ,N/A          ,NOT FOUND                          ,                         ,N/A          ,NOT FOUND           ,02-Jul-25              ,N/A        ,NOT FOUND                 ,No                           ,N/A            ,No
Project Strong - Teaser and Confidentiality Agreement.msg                                                                       ,NOT FOUND                                         ,Project Strong                                        ,N/A           ,                 ,              1.9   ,N/A          ,NOT FOUND                          ,pwc.com                  ,N/A          ,NOT FOUND           ,05-Jun-23              ,N/A        ,NOT FOUND                 ,No                           ,N/A            ,No
Acquisition Opportunity - Project Thunderbird.msg                                                                               ,NOT FOUND                                         ,Project Thunderbird                                   ,N/A           ,                 ,             10.0   ,N/A          ,NOT FOUND                          ,ca.ey.com                ,N/A          ,NOT FOUND           ,13-Apr-23              ,N/A        ,NOT FOUND                 ,No                           ,N/A            ,No
RE_ Bolt-on Opportunity for RTOWN _ Project Dawn.msg                                                                            ,NOT FOUND                                         ,Stellar Reviews                                       ,N/A           ,                 ,                    ,N/A          ,NOT FOUND                          ,                         ,N/A          ,NOT FOUND           ,20-Mar-24              ,N/A        ,NOT FOUND                 ,No                           ,N/A            ,No
Project Regal Acquisition Opportunity_ Provider of Sewer Utility and Infrastructure Services - _Krystal Growth Partners_.msg    ,NOT FOUND                                         ,null                                                  ,N/A           ,                 ,              7.1   ,N/A          ,NOT FOUND                          ,rbccm.com                ,N/A          ,NOT FOUND           ,17-Feb-23              ,N/A        ,NOT FOUND                 ,No                           ,N/A            ,No
